{
  "id": "mutant-chronicles-3e",
  "title": "Mutant Chronicles 2D20",
  "version": "0.1.0",
  "url": "https://github.com/SebsokK/Mutant-Chronicles-2D20---Foundry",
  "manifest": "https://raw.githubusercontent.com/SebsokK/Mutant-Chronicles-2D20---Foundry/main/system.json",
  "download": "https://github.com/SebsokK/Mutant-Chronicles-2D20---Foundry/releases/download/0.1.0/mutant-chronicles-2d20.zip",
  "authors": [{ "name": "SokK & ChatGPT" }],
  "compatibility": { "minimum": "13", "verified": "13" },
  "esmodules": ["mutant.mjs"],
  "styles": ["mutant.css"],
  "template": "template.json",
  "documentTypes": {
    "Actor": ["character", "npc"],
    "Item": ["quality", "weapon", "armor", "talent", "spell", "vehicle"]
  }
}
